{
  "name": "scene6",
  "maxRecursionLevel": 6,
  "antiAliasingFactor": 1,
  "renderRefarctions": true,
  "renderReflections": true,
  "camera": {
    "cameraPosition": {
      "x": 0.0,
      "y": 2.0,
      "z": 6.0
    },
    "towardsVec": {
      "x": 0.0,
      "y": -0.09950371902099893,
      "z": -0.9950371902099893
    },
    "upVec": {
      "x": 0.0,
      "y": 1.0,
      "z": 0.0
    },
    "distanceToPlain": 2.0,
    "viewAngle": 90.0,
    "resolution": [
      200,
      200
    ],
    "p0": {
      "x": 0.0,
      "y": 0.0,
      "z": 0.0
    }
  },
  "ambient": {
    "x": 0.4,
    "y": 0.4,
    "z": 0.4
  },
  "backgroundColor": {
    "x": 0.0,
    "y": 0.5,
    "z": 1.0
  },
  "lightSources": [
    {
      "CLASSNAME": "edu.cg.scene.lightSources.DirectionalLight",
      "DATA": {
        "direction": {
          "x": 0.7071067811865475,
          "y": -0.7071067811865475,
          "z": 0.0
        },
        "intensity": {
          "x": 0.7,
          "y": 0.7,
          "z": 0.7
        }
      }
    }
  ],
  "surfaces": [
    {
      "shape": {
        "CLASSNAME": "edu.cg.scene.objects.Plain",
        "DATA": {
          "a": 0.0,
          "b": 1.0,
          "c": 0.0,
          "d": 1.0
        }
      },
      "material": {
        "Ka": {
          "x": 0.12627715444360216,
          "y": 0.1230046629242929,
          "z": 0.3172333509008074
        },
        "Kd": {
          "x": 0.2525543088872043,
          "y": 0.2460093258485858,
          "z": 0.6344667018016148
        },
        "Ks": {
          "x": 0.39188798836313776,
          "y": 0.39188798836313776,
          "z": 0.39188798836313776
        },
        "reflectionIntensity": 0.0,
        "shininess": 10,
        "isTransparent": false,
        "refractionIntensity": 0.3,
        "refractionIndex": 1.5
      }
    },
    {
      "shape": {
        "CLASSNAME": "edu.cg.scene.objects.Sphere",
        "DATA": {
          "center": {
            "x": 0.0,
            "y": 0.0,
            "z": -0.0
          },
          "radius": 0.5
        }
      },
      "material": {
        "Ka": {
          "x": 0.44428225201432475,
          "y": 0.15399181754594216,
          "z": 0.3342820005816123
        },
        "Kd": {
          "x": 0.8885645040286495,
          "y": 0.3079836350918843,
          "z": 0.6685640011632246
        },
        "Ks": {
          "x": 1.0,
          "y": 1.0,
          "z": 1.0
        },
        "reflectionIntensity": 0.0,
        "shininess": 10,
        "isTransparent": false,
        "refractionIntensity": 0.3,
        "refractionIndex": 1.5
      }
    },
    {
      "shape": {
        "CLASSNAME": "edu.cg.scene.objects.Sphere",
        "DATA": {
          "center": {
            "x": 1.0,
            "y": 0.0,
            "z": -1.0
          },
          "radius": 0.5
        }
      },
      "material": {
        "Ka": {
          "x": 0.1,
          "y": 0.1,
          "z": 0.1
        },
        "Kd": {
          "x": 0.1,
          "y": 0.1,
          "z": 0.1
        },
        "Ks": {
          "x": 0.1,
          "y": 0.1,
          "z": 0.1
        },
        "reflectionIntensity": 0.95,
        "shininess": 9,
        "isTransparent": false,
        "refractionIntensity": 0.3,
        "refractionIndex": 1.5
      }
    },
    {
      "shape": {
        "CLASSNAME": "edu.cg.scene.objects.Sphere",
        "DATA": {
          "center": {
            "x": 2.0,
            "y": 0.0,
            "z": -2.0
          },
          "radius": 0.5
        }
      },
      "material": {
        "Ka": {
          "x": 0.1,
          "y": 0.1,
          "z": 0.1
        },
        "Kd": {
          "x": 0.1,
          "y": 0.1,
          "z": 0.1
        },
        "Ks": {
          "x": 0.1,
          "y": 0.1,
          "z": 0.1
        },
        "reflectionIntensity": 0.95,
        "shininess": 5,
        "isTransparent": false,
        "refractionIntensity": 0.3,
        "refractionIndex": 1.5
      }
    },
    {
      "shape": {
        "CLASSNAME": "edu.cg.scene.objects.Sphere",
        "DATA": {
          "center": {
            "x": 3.0,
            "y": 0.0,
            "z": -3.0
          },
          "radius": 0.5
        }
      },
      "material": {
        "Ka": {
          "x": 0.060945381484334205,
          "y": 0.485405334024536,
          "z": 0.2217163726147212
        },
        "Kd": {
          "x": 0.12189076296866841,
          "y": 0.970810668049072,
          "z": 0.4434327452294424
        },
        "Ks": {
          "x": 0.7161214072415869,
          "y": 0.7161214072415869,
          "z": 0.7161214072415869
        },
        "reflectionIntensity": 0.0,
        "shininess": 10,
        "isTransparent": true,
        "refractionIntensity": 0.7855161808431173,
        "refractionIndex": 2.2032935498847843
      }
    },
    {
      "shape": {
        "CLASSNAME": "edu.cg.scene.objects.Sphere",
        "DATA": {
          "center": {
            "x": 4.0,
            "y": 0.0,
            "z": -4.0
          },
          "radius": 0.5
        }
      },
      "material": {
        "Ka": {
          "x": 0.15143416682699257,
          "y": 0.16631031427228676,
          "z": 0.4419283632625803
        },
        "Kd": {
          "x": 0.30286833365398513,
          "y": 0.3326206285445735,
          "z": 0.8838567265251606
        },
        "Ks": {
          "x": 1.0,
          "y": 1.0,
          "z": 1.0
        },
        "reflectionIntensity": 0.0,
        "shininess": 10,
        "isTransparent": false,
        "refractionIntensity": 0.3,
        "refractionIndex": 1.5
      }
    },
    {
      "shape": {
        "CLASSNAME": "edu.cg.scene.objects.Sphere",
        "DATA": {
          "center": {
            "x": 5.0,
            "y": 0.0,
            "z": -5.0
          },
          "radius": 0.5
        }
      },
      "material": {
        "Ka": {
          "x": 0.28362833539371224,
          "y": 0.48544655406941095,
          "z": 0.33471998941760317
        },
        "Kd": {
          "x": 0.5672566707874245,
          "y": 0.9708931081388219,
          "z": 0.6694399788352063
        },
        "Ks": {
          "x": 1.0,
          "y": 1.0,
          "z": 1.0
        },
        "reflectionIntensity": 0.0,
        "shininess": 10,
        "isTransparent": true,
        "refractionIntensity": 0.8514550940569856,
        "refractionIndex": 1.6320034267843326
      }
    }
  ]
}