{
  "name": "scene6",
  "maxRecursionLevel": 6,
  "antiAliasingFactor": 1,
  "renderRefarctions": true,
  "renderReflections": true,
  "camera": {
    "cameraPosition": {
      "x": 0.0,
      "y": 2.0,
      "z": 6.0
    },
    "towardsVec": {
      "x": 0.0,
      "y": -0.09950371902099893,
      "z": -0.9950371902099893
    },
    "upVec": {
      "x": 0.0,
      "y": 1.0,
      "z": 0.0
    },
    "distanceToPlain": 2.0,
    "viewAngle": 90.0,
    "resolution": [
      200,
      200
    ],
    "p0": {
      "x": 0.0,
      "y": 0.0,
      "z": 0.0
    }
  },
  "ambient": {
    "x": 0.4,
    "y": 0.4,
    "z": 0.4
  },
  "backgroundColor": {
    "x": 0.0,
    "y": 0.5,
    "z": 1.0
  },
  "lightSources": [
    {
      "CLASSNAME": "edu.cg.scene.lightSources.DirectionalLight",
      "DATA": {
        "direction": {
          "x": 0.7071067811865475,
          "y": -0.7071067811865475,
          "z": 0.0
        },
        "intensity": {
          "x": 0.7,
          "y": 0.7,
          "z": 0.7
        }
      }
    }
  ],
  "surfaces": [
    {
      "shape": {
        "CLASSNAME": "edu.cg.scene.objects.Plain",
        "DATA": {
          "a": 0.0,
          "b": 1.0,
          "c": 0.0,
          "d": 1.0
        }
      },
      "material": {
        "Ka": {
          "x": 0.3926865194282627,
          "y": 0.1343673331322004,
          "z": 0.22130200146836432
        },
        "Kd": {
          "x": 0.7853730388565254,
          "y": 0.2687346662644008,
          "z": 0.44260400293672864
        },
        "Ks": {
          "x": 0.2745218228743507,
          "y": 0.2745218228743507,
          "z": 0.2745218228743507
        },
        "reflectionIntensity": 0.0,
        "shininess": 10,
        "isTransparent": false,
        "refractionIntensity": 0.3,
        "refractionIndex": 1.5
      }
    },
    {
      "shape": {
        "CLASSNAME": "edu.cg.scene.objects.Sphere",
        "DATA": {
          "center": {
            "x": 0.0,
            "y": 0.0,
            "z": -0.0
          },
          "radius": 0.5
        }
      },
      "material": {
        "Ka": {
          "x": 0.3281395385778556,
          "y": 0.28517824539249853,
          "z": 0.35088197394142384
        },
        "Kd": {
          "x": 0.6562790771557112,
          "y": 0.5703564907849971,
          "z": 0.7017639478828477
        },
        "Ks": {
          "x": 0.784860208093347,
          "y": 0.784860208093347,
          "z": 0.784860208093347
        },
        "reflectionIntensity": 0.0,
        "shininess": 10,
        "isTransparent": false,
        "refractionIntensity": 0.3,
        "refractionIndex": 1.5
      }
    },
    {
      "shape": {
        "CLASSNAME": "edu.cg.scene.objects.Sphere",
        "DATA": {
          "center": {
            "x": 1.0,
            "y": 0.0,
            "z": -1.0
          },
          "radius": 0.5
        }
      },
      "material": {
        "Ka": {
          "x": 0.39963677737869,
          "y": 0.16806523080469626,
          "z": 0.30293072806816984
        },
        "Kd": {
          "x": 0.79927355475738,
          "y": 0.33613046160939253,
          "z": 0.6058614561363397
        },
        "Ks": {
          "x": 1.0,
          "y": 1.0,
          "z": 1.0
        },
        "reflectionIntensity": 0.8313385753082215,
        "shininess": 10,
        "isTransparent": false,
        "refractionIntensity": 0.3,
        "refractionIndex": 1.5
      }
    },
    {
      "shape": {
        "CLASSNAME": "edu.cg.scene.objects.Sphere",
        "DATA": {
          "center": {
            "x": 2.0,
            "y": 0.0,
            "z": -2.0
          },
          "radius": 0.5
        }
      },
      "material": {
        "Ka": {
          "x": 0.1954021584228502,
          "y": 0.2400756843275595,
          "z": 0.4183579477219679
        },
        "Kd": {
          "x": 0.3908043168457004,
          "y": 0.480151368655119,
          "z": 0.8367158954439358
        },
        "Ks": {
          "x": 0.8963478523355973,
          "y": 0.8963478523355973,
          "z": 0.8963478523355973
        },
        "reflectionIntensity": 0.0,
        "shininess": 10,
        "isTransparent": false,
        "refractionIntensity": 0.3,
        "refractionIndex": 1.5
      }
    },
    {
      "shape": {
        "CLASSNAME": "edu.cg.scene.objects.Sphere",
        "DATA": {
          "center": {
            "x": 3.0,
            "y": 0.0,
            "z": -3.0
          },
          "radius": 0.5
        }
      },
      "material": {
        "Ka": {
          "x": 0.187920626678111,
          "y": 0.3952147214955107,
          "z": 0.42959622434476774
        },
        "Kd": {
          "x": 0.375841253356222,
          "y": 0.7904294429910214,
          "z": 0.8591924486895355
        },
        "Ks": {
          "x": 0.2718195026930299,
          "y": 0.2718195026930299,
          "z": 0.2718195026930299
        },
        "reflectionIntensity": 0.0,
        "shininess": 10,
        "isTransparent": false,
        "refractionIntensity": 0.3,
        "refractionIndex": 1.5
      }
    },
    {
      "shape": {
        "CLASSNAME": "edu.cg.scene.objects.Sphere",
        "DATA": {
          "center": {
            "x": 4.0,
            "y": 0.0,
            "z": -4.0
          },
          "radius": 0.5
        }
      },
      "material": {
        "Ka": {
          "x": 0.0516628417051056,
          "y": 0.1508318930696112,
          "z": 0.4224451718265681
        },
        "Kd": {
          "x": 0.1033256834102112,
          "y": 0.3016637861392224,
          "z": 0.8448903436531362
        },
        "Ks": {
          "x": 0.4415110005278281,
          "y": 0.4415110005278281,
          "z": 0.4415110005278281
        },
        "reflectionIntensity": 0.0,
        "shininess": 10,
        "isTransparent": true,
        "refractionIntensity": 0.9589377020139186,
        "refractionIndex": 1.5277009802818833
      }
    },
    {
      "shape": {
        "CLASSNAME": "edu.cg.scene.objects.Sphere",
        "DATA": {
          "center": {
            "x": 5.0,
            "y": 0.0,
            "z": -5.0
          },
          "radius": 0.5
        }
      },
      "material": {
        "Ka": {
          "x": 0.1,
          "y": 0.1,
          "z": 0.1
        },
        "Kd": {
          "x": 0.1,
          "y": 0.1,
          "z": 0.1
        },
        "Ks": {
          "x": 0.1,
          "y": 0.1,
          "z": 0.1
        },
        "reflectionIntensity": 0.95,
        "shininess": 13,
        "isTransparent": false,
        "refractionIntensity": 0.3,
        "refractionIndex": 1.5
      }
    }
  ]
}