{
  "name": "scene6",
  "maxRecursionLevel": 6,
  "antiAliasingFactor": 1,
  "renderRefarctions": true,
  "renderReflections": true,
  "camera": {
    "cameraPosition": {
      "x": 0.0,
      "y": 2.0,
      "z": 6.0
    },
    "towardsVec": {
      "x": 0.0,
      "y": -0.09950371902099893,
      "z": -0.9950371902099893
    },
    "upVec": {
      "x": 0.0,
      "y": 1.0,
      "z": 0.0
    },
    "distanceToPlain": 2.0,
    "viewAngle": 90.0,
    "resolution": [
      200,
      200
    ],
    "p0": {
      "x": 0.0,
      "y": 0.0,
      "z": 0.0
    }
  },
  "ambient": {
    "x": 0.4,
    "y": 0.4,
    "z": 0.4
  },
  "backgroundColor": {
    "x": 0.0,
    "y": 0.5,
    "z": 1.0
  },
  "lightSources": [
    {
      "CLASSNAME": "edu.cg.scene.lightSources.DirectionalLight",
      "DATA": {
        "direction": {
          "x": 0.7071067811865475,
          "y": -0.7071067811865475,
          "z": 0.0
        },
        "intensity": {
          "x": 0.7,
          "y": 0.7,
          "z": 0.7
        }
      }
    }
  ],
  "surfaces": [
    {
      "shape": {
        "CLASSNAME": "edu.cg.scene.objects.Plain",
        "DATA": {
          "a": 0.0,
          "b": 1.0,
          "c": 0.0,
          "d": 1.0
        }
      },
      "material": {
        "Ka": {
          "x": 0.07449859454083368,
          "y": 0.36974912581607455,
          "z": 0.46422835901244974
        },
        "Kd": {
          "x": 0.14899718908166737,
          "y": 0.7394982516321491,
          "z": 0.9284567180248995
        },
        "Ks": {
          "x": 0.8433443716036704,
          "y": 0.8433443716036704,
          "z": 0.8433443716036704
        },
        "reflectionIntensity": 0.6395890172955794,
        "shininess": 10,
        "isTransparent": false,
        "refractionIntensity": 0.3,
        "refractionIndex": 1.5
      }
    },
    {
      "shape": {
        "CLASSNAME": "edu.cg.scene.objects.Sphere",
        "DATA": {
          "center": {
            "x": 0.0,
            "y": 0.0,
            "z": -0.0
          },
          "radius": 0.5
        }
      },
      "material": {
        "Ka": {
          "x": 0.3001473361209832,
          "y": 0.3116962674634,
          "z": 0.38101929666404194
        },
        "Kd": {
          "x": 0.6002946722419664,
          "y": 0.6233925349268,
          "z": 0.7620385933280839
        },
        "Ks": {
          "x": 0.7268099957708908,
          "y": 0.7268099957708908,
          "z": 0.7268099957708908
        },
        "reflectionIntensity": 0.0,
        "shininess": 10,
        "isTransparent": false,
        "refractionIntensity": 0.3,
        "refractionIndex": 1.5
      }
    },
    {
      "shape": {
        "CLASSNAME": "edu.cg.scene.objects.Sphere",
        "DATA": {
          "center": {
            "x": 1.0,
            "y": 0.0,
            "z": -1.0
          },
          "radius": 0.5
        }
      },
      "material": {
        "Ka": {
          "x": 0.4537708114744301,
          "y": 0.3337080530411515,
          "z": 0.33937543619653565
        },
        "Kd": {
          "x": 0.9075416229488602,
          "y": 0.667416106082303,
          "z": 0.6787508723930713
        },
        "Ks": {
          "x": 1.0,
          "y": 1.0,
          "z": 1.0
        },
        "reflectionIntensity": 0.6672454618169606,
        "shininess": 10,
        "isTransparent": false,
        "refractionIntensity": 0.3,
        "refractionIndex": 1.5
      }
    },
    {
      "shape": {
        "CLASSNAME": "edu.cg.scene.objects.Sphere",
        "DATA": {
          "center": {
            "x": 2.0,
            "y": 0.0,
            "z": -2.0
          },
          "radius": 0.5
        }
      },
      "material": {
        "Ka": {
          "x": 0.344196191289229,
          "y": 0.10489044490835814,
          "z": 0.4587743885034194
        },
        "Kd": {
          "x": 0.688392382578458,
          "y": 0.20978088981671628,
          "z": 0.9175487770068388
        },
        "Ks": {
          "x": 1.0,
          "y": 1.0,
          "z": 1.0
        },
        "reflectionIntensity": 1.0,
        "shininess": 10,
        "isTransparent": false,
        "refractionIntensity": 0.3,
        "refractionIndex": 1.5
      }
    },
    {
      "shape": {
        "CLASSNAME": "edu.cg.scene.objects.Sphere",
        "DATA": {
          "center": {
            "x": 3.0,
            "y": 0.0,
            "z": -3.0
          },
          "radius": 0.5
        }
      },
      "material": {
        "Ka": {
          "x": 0.03923767226203634,
          "y": 0.42323828328820795,
          "z": 0.41641755063402275
        },
        "Kd": {
          "x": 0.07847534452407268,
          "y": 0.8464765665764159,
          "z": 0.8328351012680455
        },
        "Ks": {
          "x": 0.38601996424990304,
          "y": 0.38601996424990304,
          "z": 0.38601996424990304
        },
        "reflectionIntensity": 0.0,
        "shininess": 10,
        "isTransparent": false,
        "refractionIntensity": 0.3,
        "refractionIndex": 1.5
      }
    },
    {
      "shape": {
        "CLASSNAME": "edu.cg.scene.objects.Sphere",
        "DATA": {
          "center": {
            "x": 4.0,
            "y": 0.0,
            "z": -4.0
          },
          "radius": 0.5
        }
      },
      "material": {
        "Ka": {
          "x": 0.3322320872145505,
          "y": 0.2057306972545851,
          "z": 0.03072506194019825
        },
        "Kd": {
          "x": 0.664464174429101,
          "y": 0.4114613945091702,
          "z": 0.0614501238803965
        },
        "Ks": {
          "x": 0.8127527868982951,
          "y": 0.8127527868982951,
          "z": 0.8127527868982951
        },
        "reflectionIntensity": 0.0,
        "shininess": 10,
        "isTransparent": false,
        "refractionIntensity": 0.3,
        "refractionIndex": 1.5
      }
    },
    {
      "shape": {
        "CLASSNAME": "edu.cg.scene.objects.Sphere",
        "DATA": {
          "center": {
            "x": 5.0,
            "y": 0.0,
            "z": -5.0
          },
          "radius": 0.5
        }
      },
      "material": {
        "Ka": {
          "x": 0.4899288895211388,
          "y": 0.3621318583004277,
          "z": 0.03528952726895701
        },
        "Kd": {
          "x": 0.9798577790422776,
          "y": 0.7242637166008554,
          "z": 0.07057905453791402
        },
        "Ks": {
          "x": 1.0,
          "y": 1.0,
          "z": 1.0
        },
        "reflectionIntensity": 0.9572114425093836,
        "shininess": 10,
        "isTransparent": true,
        "refractionIntensity": 1.0,
        "refractionIndex": 1.5350397797648445
      }
    }
  ]
}